{"batchcomplete":"","query":{"pages":{"13801":{"pageid":13801,"ns":0,"title":"Python","extract":"Python (talaffuzi: Piton) \u2014 umumiy-maqsadli dasturlash uchun keng tarzda foydalaniladigan yuqori darajali dasturlash tili. Ushbu dasturlash tili Guido van Rossum tomonidan yaratilgan va birinchi marta 1991-yilda foydalanib ko\u02bbrilgan.\nPython har xil platformalar uchun yozilgan, masalan\nWindows, Linux, Mac OS X, Palm OS, Mac OS va boshqalar. Python Microsoft.NET platformasi uchun yozilgan realizatsiyasi ham mavjud bo\u02bblib, uning nomi \u2014 IronPython."}}}}